

#############################  Movies Collections ##################################

<dir>
        <title>[COLOR=gold]Spider-Man Collection (2002-2007)[/COLOR]</title>

        <tmdb>collection/556</tmdb>
          
        <animated_thumbnail></animated_thumbnail>
          
        <thumbnail>https://image.tmdb.org/t/p/w640/aNknE3vw8QC5gDHBRYpOz9gzuPc.jpg</thumbnail>
          
        <animated_fanart></animated_fanart>
          
        <fanart>https://image.tmdb.org/t/p/w500_and_h281_bestv2/p2frIQykQPj3dXSYVOca60RQj9X.jpg</fanart>
		
		<summary>The series of Spider-Man films, directed by Sam Raimi, beginning with Spider-Man in 2002. The films are very loosely inspired by the stories from the popular comic book series.</summary>

</dir>

<dir>
        <title>[COLOR=gold]The Amazing Spider-Man Collection (2012-2014)[/COLOR]</title>

        <tmdb>collection/125574</tmdb>
          
        <animated_thumbnail></animated_thumbnail>
          
        <thumbnail>https://image.tmdb.org/t/p/w640/piQPsiI7cKiftU06E34wEkOoYkc.jpg</thumbnail>
          
        <animated_fanart></animated_fanart>
          
        <fanart>https://image.tmdb.org/t/p/original/kA09IYsqmso7HASKE3ts7ngaf7p.jpg</fanart>
		
		<summary>Overview

A superhero film series based on the Marvel Comics character Spider-Man. It is a reboot of Sony's Spider-Man film franchise.</summary>

</dir>


