#############################  Years… ##################################
<dir>
      <title>****************Boss Years*****************</title>
    
      <link></link> 
          
      <thumbnail></thumbnail>
          
          
      <fanart></fanart>
        
      <summary></summary>

</dir>

<dir>
    <title>[COLOR=gold]2018[/COLOR]</title>
    <tmdb>year/shows/2018</tmdb>
</dir>

<dir>
    <title>[COLOR=gold]2017[/COLOR]</title>
    <tmdb>year/shows/2017</tmdb>
</dir>
	
<dir>
    <title>[COLOR=gold]2016[/COLOR]</title>
    <tmdb>year/shows/2016</tmdb>
</dir>

<dir>
    <title>[COLOR=gold]2015[/COLOR]</title>
    <tmdb>year/shows/2015</tmdb>
</dir>

<dir>
    <title>[COLOR=gold]2014[/COLOR]</title>
    <tmdb>year/shows/2014</tmdb>
</dir>

<dir>
    <title>[COLOR=gold]2013[/COLOR]</title>
    <tmdb>year/shows/2013</tmdb>
</dir>

<dir>
    <title>[COLOR=gold]2012[/COLOR]</title>
    <tmdb>year/shows/2012</tmdb>
</dir>

<dir>
    <title>[COLOR=gold]2011[/COLOR]</title>
    <tmdb>year/shows/2011</tmdb>
</dir>
	
<dir>
    <title>[COLOR=gold]2010[/COLOR]</title>
    <tmdb>year/shows/2010</tmdb>
</dir>

<dir>
    <title>[COLOR=gold]2009[/COLOR]</title>
    <tmdb>year/shows/2009</tmdb>
</dir>

<dir>
    <title>[COLOR=gold]2008[/COLOR]</title>
    <tmdb>year/shows/2008</tmdb>
</dir>

<dir>
    <title>[COLOR=gold]2007[/COLOR]</title>
    <tmdb>year/shows/2007</tmdb>
</dir>

<dir>
    <title>[COLOR=gold]2006[/COLOR]</title>
    <tmdb>year/shows/2006</tmdb>
</dir>

<dir>
    <title>[COLOR=gold]2005[/COLOR]</title>
    <tmdb>year/shows/2005</tmdb>
</dir>
	
<dir>
    <title>[COLOR=gold]2004[/COLOR]</title>
    <tmdb>year/shows/2004</tmdb>
</dir>

<dir>
    <title>[COLOR=gold]2003[/COLOR]</title>
    <tmdb>year/shows/2003</tmdb>
</dir>

<dir>
    <title>[COLOR=gold]2002[/COLOR]</title>
    <tmdb>year/shows/2002</tmdb>
</dir>

<dir>
    <title>[COLOR=gold]2001[/COLOR]</title>
    <tmdb>year/shows/2001</tmdb>
</dir>

<dir>
    <title>[COLOR=gold]2000[/COLOR]</title>
    <tmdb>year/shows/2000</tmdb>
</dir>
	
<dir>
    <title>[COLOR=gold]1999[/COLOR]</title>
    <tmdb>year/shows/1999</tmdb>
</dir>

<dir>
    <title>[COLOR=gold]1998[/COLOR]</title>
    <tmdb>year/shows/1998</tmdb>
</dir>

<dir>
    <title>[COLOR=gold]1997[/COLOR]</title>
    <tmdb>year/shows/1997</tmdb>
</dir>

<dir>
    <title>[COLOR=gold]1996[/COLOR]</title>
    <tmdb>year/shows/1996</tmdb>
</dir>

<dir>
    <title>[COLOR=gold]1995[/COLOR]</title>
    <tmdb>year/shows/1995</tmdb>
</dir>

<dir>
    <title>[COLOR=gold]1994[/COLOR]</title>
    <tmdb>year/shows/1994</tmdb>
</dir>
	
<dir>
    <title>[COLOR=gold]1993[/COLOR]</title>
    <tmdb>year/shows/1993</tmdb>
</dir>

<dir>
    <title>[COLOR=gold]1992[/COLOR]</title>
    <tmdb>year/shows/1992</tmdb>
</dir>

<dir>
    <title>[COLOR=gold]1991[/COLOR]</title>
    <tmdb>year/shows/1991</tmdb>
</dir>

<dir>
    <title>[COLOR=gold]1990[/COLOR]</title>
    <tmdb>year/shows/1990</tmdb>
</dir>

<dir>
    <title>[COLOR=gold]1989[/COLOR]</title>
    <tmdb>year/shows/1989</tmdb>
</dir>

<dir>
    <title>[COLOR=gold]1987[/COLOR]</title>
    <tmdb>year/shows/1987</tmdb>
</dir>
	
<dir>
    <title>[COLOR=gold]1986[/COLOR]</title>
    <tmdb>year/shows/1986</tmdb>
</dir>

<dir>
    <title>[COLOR=gold]1985[/COLOR]</title>
    <tmdb>year/shows/1985</tmdb>
</dir>

<dir>
    <title>[COLOR=gold]1984[/COLOR]</title>
    <tmdb>year/shows/1984</tmdb>
</dir>

<dir>
    <title>[COLOR=gold]1983[/COLOR]</title>
    <tmdb>year/shows/1983</tmdb>
</dir>

<dir>
    <title>[COLOR=gold]1982[/COLOR]</title>
    <tmdb>year/shows/1982</tmdb>
</dir>

<dir>
    <title>[COLOR=gold]1981[/COLOR]</title>
    <tmdb>year/shows/1981</tmdb>
</dir>
	
<dir>
    <title>[COLOR=gold]1980[/COLOR]</title>
    <tmdb>year/shows/1980</tmdb>
</dir>

<dir>
    <title>[COLOR=gold]1979[/COLOR]</title>
    <tmdb>year/shows/1979</tmdb>
</dir>

<dir>
    <title>[COLOR=gold]1978[/COLOR]</title>
    <tmdb>year/shows/1978</tmdb>
</dir>

<dir>
    <title>[COLOR=gold]1977[/COLOR]</title>
    <tmdb>year/shows/1977</tmdb>
</dir>

<dir>
    <title>[COLOR=gold]1976[/COLOR]</title>
    <tmdb>year/shows/1976</tmdb>
</dir>

<dir>
    <title>[COLOR=gold]1975[/COLOR]</title>
    <tmdb>year/shows/1975</tmdb>
</dir>
	
<dir>
    <title>[COLOR=gold]1974[/COLOR]</title>
    <tmdb>year/shows/1974</tmdb>
</dir>

<dir>
    <title>[COLOR=gold]1973[/COLOR]</title>
    <tmdb>year/shows/1973</tmdb>
</dir>

<dir>
    <title>[COLOR=gold]1972[/COLOR]</title>
    <tmdb>year/shows/1972</tmdb>
</dir>

<dir>
    <title>[COLOR=gold]1971[/COLOR]</title>
    <tmdb>year/shows/1971</tmdb>
</dir>

<dir>
    <title>[COLOR=gold]1970[/COLOR]</title>
    <tmdb>year/shows/1970</tmdb>
</dir>
	
<dir>
    <title>[COLOR=gold]1969[/COLOR]</title>
    <tmdb>year/shows/1969</tmdb>
</dir>

<dir>
    <title>[COLOR=gold]1968[/COLOR]</title>
    <tmdb>year/shows/1968</tmdb>
</dir>

<dir>
    <title>[COLOR=gold]1967[/COLOR]</title>
    <tmdb>year/shows/1967</tmdb>
</dir>

<dir>
    <title>[COLOR=gold]1966[/COLOR]</title>
    <tmdb>year/shows/1966</tmdb>
</dir>

<dir>
    <title>[COLOR=gold]1965[/COLOR]</title>
    <tmdb>year/shows/1965</tmdb>
</dir>

<dir>
    <title>[COLOR=gold]1964[/COLOR]</title>
    <tmdb>year/shows/1964</tmdb>
</dir>
	
<dir>
    <title>[COLOR=gold]1963[/COLOR]</title>
    <tmdb>year/shows/1963</tmdb>
</dir>

<dir>
    <title>[COLOR=gold]1962[/COLOR]</title>
    <tmdb>year/shows/1962</tmdb>
</dir>

<dir>
    <title>[COLOR=gold]1961[/COLOR]</title>
    <tmdb>year/shows/1961</tmdb>
</dir>

<dir>
    <title>[COLOR=gold]1960[/COLOR]</title>
    <tmdb>year/shows/1960</tmdb>
</dir>

<dir>
    <title>[COLOR=gold]1959[/COLOR]</title>
    <tmdb>year/shows/1959</tmdb>
</dir>

<dir>
    <title>[COLOR=gold]1958[/COLOR]</title>
    <tmdb>year/shows/1958</tmdb>
</dir>
	
<dir>
    <title>[COLOR=gold]1957[/COLOR]</title>
    <tmdb>year/shows/1957</tmdb>
</dir>

<dir>
    <title>[COLOR=gold]1956[/COLOR]</title>
    <tmdb>year/shows/1956</tmdb>
</dir>

<dir>
    <title>[COLOR=gold]1955[/COLOR]</title>
    <tmdb>year/shows/1955</tmdb>
</dir>

<dir>
    <title>[COLOR=gold]1954[/COLOR]</title>
    <tmdb>year/shows/1954</tmdb>
</dir>

<dir>
    <title>[COLOR=gold]1953[/COLOR]</title>
    <tmdb>year/shows/1953</tmdb>
</dir>

<dir>
    <title>[COLOR=gold]1952[/COLOR]</title>
    <tmdb>year/shows/1952</tmdb>
</dir>
	
<dir>
    <title>[COLOR=gold]1951[/COLOR]</title>
    <tmdb>year/shows/1951</tmdb>
</dir>

<dir>
    <title>[COLOR=gold]1950[/COLOR]</title>
    <tmdb>year/shows/1950</tmdb>
</dir>

<dir>
    <title>[COLOR=gold]1949[/COLOR]</title>
    <tmdb>year/shows/1949</tmdb>
</dir>

<dir>
    <title>[COLOR=gold]1948[/COLOR]</title>
    <tmdb>year/shows/1948</tmdb>
</dir>

<dir>
    <title>[COLOR=gold]1947[/COLOR]</title>
    <tmdb>year/shows/1947</tmdb>
</dir>

<dir>
    <title>[COLOR=gold]1946[/COLOR]</title>
    <tmdb>year/shows/1946</tmdb>
</dir>
	
<dir>
    <title>[COLOR=gold]1945[/COLOR]</title>
    <tmdb>year/shows/1945</tmdb>
</dir>

<dir>
    <title>[COLOR=gold]1944[/COLOR]</title>
    <tmdb>year/shows/1944</tmdb>
</dir>

<dir>
    <title>[COLOR=gold]1943[/COLOR]</title>
    <tmdb>year/shows/1943</tmdb>
</dir>

<dir>
    <title>[COLOR=gold]1942[/COLOR]</title>
    <tmdb>year/shows/1942</tmdb>
</dir>

<dir>
    <title>[COLOR=gold]1941[/COLOR]</title>
    <tmdb>year/shows/1941</tmdb>
</dir>
	
<dir>
    <title>[COLOR=gold]1940[/COLOR]</title>
    <tmdb>year/shows/1940</tmdb>
</dir>

<dir>
    <title>[COLOR=gold]1939[/COLOR]</title>
    <tmdb>year/shows/1939</tmdb>
</dir>

<dir>
    <title>[COLOR=gold]1938[/COLOR]</title>
    <tmdb>year/shows/1938</tmdb>
</dir>

<dir>
    <title>[COLOR=gold]1937[/COLOR]</title>
    <tmdb>year/shows/1937</tmdb>
</dir>

<dir>
    <title>[COLOR=gold]1936[/COLOR]</title>
    <tmdb>year/shows/1936</tmdb>
</dir>

<dir>
    <title>[COLOR=gold]1935[/COLOR]</title>
    <tmdb>year/shows/1935</tmdb>
</dir>
	
<dir>
    <title>[COLOR=gold]1934[/COLOR]</title>
    <tmdb>year/shows/1934</tmdb>
</dir>

<dir>
    <title>[COLOR=gold]1933[/COLOR]</title>
    <tmdb>year/shows/1933</tmdb>
</dir>

<dir>
    <title>[COLOR=gold]1932[/COLOR]</title>
    <tmdb>year/shows/1932</tmdb>
</dir>

<dir>
    <title>[COLOR=gold]1931[/COLOR]</title>
    <tmdb>year/shows/1931</tmdb>
</dir>

<dir>
    <title>[COLOR=gold]1930[/COLOR]</title>
    <tmdb>year/shows/1930</tmdb>
</dir>

<dir>
    <title>[COLOR=gold]1929[/COLOR]</title>
    <tmdb>year/shows/1929</tmdb>
</dir>
	
<dir>
    <title>[COLOR=gold]1928[/COLOR]</title>
    <tmdb>year/shows/1928</tmdb>
</dir>

<dir>
    <title>[COLOR=gold]1927[/COLOR]</title>
    <tmdb>year/shows/1927</tmdb>
</dir>

<dir>
    <title>[COLOR=gold]1926[/COLOR]</title>
    <tmdb>year/shows/1926</tmdb>
</dir>

<dir>
    <title>[COLOR=gold]1925[/COLOR]</title>
    <tmdb>year/shows/1925</tmdb>
</dir>

<dir>
    <title>[COLOR=gold]1924[/COLOR]</title>
    <tmdb>year/shows/1924</tmdb>
</dir>

<dir>
    <title>[COLOR=gold]1923[/COLOR]</title>
    <tmdb>year/shows/1923</tmdb>
</dir>
	
<dir>
    <title>[COLOR=gold]1922[/COLOR]</title>
    <tmdb>year/shows/1922</tmdb>
</dir>

<dir>
    <title>[COLOR=gold]1921[/COLOR]</title>
    <tmdb>year/shows/1921</tmdb>
</dir>

<dir>
    <title>[COLOR=gold]1920[/COLOR]</title>
    <tmdb>year/shows/1920</tmdb>
</dir>

<dir>
    <title>[COLOR=gold]1919[/COLOR]</title>
    <tmdb>year/shows/1919</tmdb>
</dir>

<dir>
    <title>[COLOR=gold]1918[/COLOR]</title>
    <tmdb>year/shows/1918</tmdb>
</dir>

<dir>
    <title>[COLOR=gold]1917[/COLOR]</title>
    <tmdb>year/shows/1917</tmdb>
</dir>
	
<dir>
    <title>[COLOR=gold]1916[/COLOR]</title>
    <tmdb>year/shows/1916</tmdb>
</dir>

<dir>
    <title>[COLOR=gold]1915[/COLOR]</title>
    <tmdb>year/shows/1915</tmdb>
</dir>

<dir>
    <title>[COLOR=gold]1914[/COLOR]</title>
    <tmdb>year/shows/1914</tmdb>
</dir>

<dir>
    <title>[COLOR=gold]1913[/COLOR]</title>
    <tmdb>year/shows/1913</tmdb>
</dir>

<dir>
    <title>[COLOR=gold]1912[/COLOR]</title>
    <tmdb>year/shows/1912</tmdb>
</dir>
	
<dir>
    <title>[COLOR=gold]1911[/COLOR]</title>
    <tmdb>year/shows/1911</tmdb>
</dir>


<dir>
        <title>[COLOR=gold]Search [COLOR=red]TMDB[/COLOR] for Movie[/COLOR]</title>

        <tmdb>search</tmdb>
          
          
        <thumbnail></thumbnail>
          
          
        <fanart></fanart>
        
		<summary>TMDB Search</summary>

</dir>
     