<item>
<name>____________________________________________________________________</name>
<thumbnail>https://cdn1.thr.com/sites/default/files/imagecache/landscape_928x523/2012/02/music-choice-mc_logo.jpg</thumbnail>
<link></link> 
<summary></summary>
</item>

<item>
<name>[COLORblue]Music Choice[/COLOR] - [COLORyellow]Watch Ad-Free Music Videos 24/7[/COLOR]</name>
<thumbnail>https://cdn1.thr.com/sites/default/files/imagecache/landscape_928x523/2012/02/music-choice-mc_logo.jpg</thumbnail>
<link></link> 
<summary></summary>
</item>

<item>
<name>____________________________________________________________________</name>
<thumbnail></thumbnail>
<link></link> 
<summary></summary>
</item>

<item>
<name>[COLORyellow]CURRENT LIST [/COLOR]</name>
<thumbnail></thumbnail>
</item>

<item>
<name>_____________________________________________________________________</name>
<thumbnail></thumbnail>
<link></link> 
<summary></summary>
</item>

<item>
	<title>Alternative</title>
	<link>http://edge.music-choice-vc-chaina1.top.comcast.net/VideoChannels/MC122/chunklist.m3u8
	</link>
	<thumbnail>https://cdn1.thr.com/sites/default/files/imagecache/landscape_928x523/2012/02/music-choice-mc_logo.jpg</thumbnail>
	<fanart>http://www.slopemedia.org/wp-content/uploads/2017/03/wallhaven-84294.jpg</fanart>
</item>

<item>
	<title>Brits + Hits/title>
	<link>http://edge.music-choice-vc-chaina2.top.comcast.net/VideoChannels/MC143/chunklist.m3u8</link>
	<thumbnail>https://cdn1.thr.com/sites/default/files/imagecache/landscape_928x523/2012/02/music-choice-mc_logo.jpg</thumbnail>
	<fanart>http://www.slopemedia.org/wp-content/uploads/2017/03/wallhaven-84294.jpg</fanart>
</item>

<item>
	<title>Dance/EDM</title>
	<link>http://edge.music-choice-vc-chaina1.top.comcast.net/VideoChannels/MC127/chunklist.m3u8</link>
	<thumbnail>https://cdn1.thr.com/sites/default/files/imagecache/landscape_928x523/2012/02/music-choice-mc_logo.jpg</thumbnail>
	<fanart>http://www.slopemedia.org/wp-content/uploads/2017/03/wallhaven-84294.jpg</fanart>
</item>

<item>
	<title>Hip Hop and-R&B</title>
	<link>http://edge.music-choice-vc-chaina1.top.comcast.net/VideoChannels/MC106/chunklist.m3u8</link>
	<thumbnail>https://cdn1.thr.com/sites/default/files/imagecache/landscape_928x523/2012/02/music-choice-mc_logo.jpg</thumbnail>
	<fanart>http://www.slopemedia.org/wp-content/uploads/2017/03/wallhaven-84294.jpg</fanart>
</item>

<item>
	<title>Hit List</title>
	<link>http://edge.music-choice-vc-chaina1.top.comcast.net/VideoChannels/MC100/chunklist.m3u8</link>
	<thumbnail>https://cdn1.thr.com/sites/default/files/imagecache/landscape_928x523/2012/02/music-choice-mc_logo.jpg</thumbnail>
	<fanart>http://www.slopemedia.org/wp-content/uploads/2017/03/wallhaven-84294.jpg</fanart>
</item

<item>
	<title>Holiday Hits</title>
	<link></link>
	<thumbnail>https://cdn1.thr.com/sites/default/files/imagecache/landscape_928x523/2012/02/music-choice-mc_logo.jpg</thumbnail>
	<fanart>http://www.slopemedia.org/wp-content/uploads/2017/03/wallhaven-84294.jpg</fanart>
</item>

<item>
	<title>Indie</title>
	<link>http://edge.music-choice-vc-chaina1.top.comcast.net/VideoChannels/MC129/chunklist.m3u8</link>
	<thumbnail>https://cdn1.thr.com/sites/default/files/imagecache/landscape_928x523/2012/02/music-choice-mc_logo.jpg</thumbnail>
	<fanart>http://www.slopemedia.org/wp-content/uploads/2017/03/wallhaven-84294.jpg</fanart>
</item>

<item>
	<title>Metal</title>
	<link>http://edge.music-choice-vc-chaina2.top.comcast.net/VideoChannels/MC139/chunklist.m3u8</link>
	<thumbnail>https://cdn1.thr.com/sites/default/files/imagecache/landscape_928x523/2012/02/music-choice-mc_logo.jpg</thumbnail>
	<fanart>http://www.slopemedia.org/wp-content/uploads/2017/03/wallhaven-84294.jpg</fanart>
</item>

<item>
	<title>Pop & Country</title>
	<link>http://edge.music-choice-vc-chaina2.top.comcast.net/VideoChannels/MC132/chunklist.m3u8</link>
	<thumbnail>https://cdn1.thr.com/sites/default/files/imagecache/landscape_928x523/2012/02/music-choice-mc_logo.jpg</thumbnail>
	<fanart>http://www.slopemedia.org/wp-content/uploads/2017/03/wallhaven-84294.jpg</fanart>
</item>

<item>
	<title>Pop Hits</title>
	<link>http://edge.music-choice-vc-chaina2.top.comcast.net/VideoChannels/MC133/chunklist.m3u8</link>
	<thumbnail>https://cdn1.thr.com/sites/default/files/imagecache/landscape_928x523/2012/02/music-choice-mc_logo.jpg</thumbnail>
	<fanart>http://www.slopemedia.org/wp-content/uploads/2017/03/wallhaven-84294.jpg</fanart>
</item>

<item>
	<title>Pop Latino</title>
	<link>http://edge.music-choice-vc-chaina1.top.comcast.net/VideoChannels/MC123/chunklist.m3u8</link>
	<thumbnail>https://cdn1.thr.com/sites/default/files/imagecache/landscape_928x523/2012/02/music-choice-mc_logo.jpg</thumbnail>
	<fanart>http://www.slopemedia.org/wp-content/uploads/2017/03/wallhaven-84294.jpg</fanart>
</item>

<item>
	<title>R&B Soul</title>
	<link>http://edge.music-choice-vc-chaina1.top.comcast.net/VideoChannels/MC124/chunklist.m3u8</link>
	<thumbnail>https://cdn1.thr.com/sites/default/files/imagecache/landscape_928x523/2012/02/music-choice-mc_logo.jpg</thumbnail>
	<fanart>http://www.slopemedia.org/wp-content/uploads/2017/03/wallhaven-84294.jpg</fanart>
</item>

<item>
	<title>Rap</title>
	<link>http://edge.music-choice-vc-chaina1.top.comcast.net/VideoChannels/MC125/chunklist.m3u8</link>
	<thumbnail>https://cdn1.thr.com/sites/default/files/imagecache/landscape_928x523/2012/02/music-choice-mc_logo.jpg</thumbnail>
	<fanart>http://www.slopemedia.org/wp-content/uploads/2017/03/wallhaven-84294.jpg</fanart>
</item>

<item>
	<title>Rap 2K</title>
	<link>http://edge.music-choice-ac-chaina1.top.comcast.net/AudioChannels/Ch-005/chunklist.m3u8</link>
	<thumbnail>https://cdn1.thr.com/sites/default/files/imagecache/landscape_928x523/2012/02/music-choice-mc_logo.jpg</thumbnail>
	<fanart>http://www.slopemedia.org/wp-content/uploads/2017/03/wallhaven-84294.jpg</fanart>
</item>

<item>
	<title>Rock</title>
	<link>http://edge.music-choice-vc-chaina2.top.comcast.net/VideoChannels/MC138/chunklist.m3u8</link>
	<thumbnail>https://cdn1.thr.com/sites/default/files/imagecache/landscape_928x523/2012/02/music-choice-mc_logo.jpg</thumbnail>
	<fanart>http://www.slopemedia.org/wp-content/uploads/2017/03/wallhaven-84294.jpg</fanart>
</item>

<item>
	<title>Today's Country</title>
	<link>http://edge.music-choice-vc-chaina1.top.comcast.net/VideoChannels/MC121/chunklist.m3u8</link>
	<thumbnail>https://cdn1.thr.com/sites/default/files/imagecache/landscape_928x523/2012/02/music-choice-mc_logo.jpg</thumbnail>
	<fanart>http://www.slopemedia.org/wp-content/uploads/2017/03/wallhaven-84294.jpg</fanart>
</item>

<item>
	<title>Tropicales</title>
	<link>http://edge.music-choice-vc-chaina2.top.comcast.net/VideoChannels/MC137/chunklist.m3u8</link>
	<thumbnail>https://cdn1.thr.com/sites/default/files/imagecache/landscape_928x523/2012/02/music-choice-mc_logo.jpg</thumbnail>
	<fanart>http://www.slopemedia.org/wp-content/uploads/2017/03/wallhaven-84294.jpg</fanart>
</item>

<item>
<name>____________________________________________________________________</name>
<thumbnail></thumbnail>
<link></link> 
<summary></summary>
</item>

<item>
<name>[COLORyellow]CLASSIC LIST [/COLOR]</name>
<thumbnail></thumbnail>
</item>

<item>
<name>_____________________________________________________________________</name>
<thumbnail></thumbnail>
<link></link> 
<summary></summary>
</item>

<item>
	<title>90s</title>
	<link>http://edge.music-choice-vc-chaina2.top.comcast.net/VideoChannels/MC140/chunklist.m3u8</link>
	<thumbnail>https://cdn1.thr.com/sites/default/files/imagecache/landscape_928x523/2012/02/music-choice-mc_logo.jpg</thumbnail>
	<fanart>http://www.slopemedia.org/wp-content/uploads/2017/03/wallhaven-84294.jpg</fanart>
</item>


<item>
	<title>Holiday Yule logs</title>
	<link></link>
	<thumbnail>https://cdn1.thr.com/sites/default/files/imagecache/landscape_928x523/2012/02/music-choice-mc_logo.jpg</thumbnail>
	<fanart>http://www.slopemedia.org/wp-content/uploads/2017/03/wallhaven-84294.jpg</fanart>
</item>

<item>
	<title>Throwback Jamz</title>
	<link>http://edge.music-choice-vc-chaina2.top.comcast.net/VideoChannels/MC142/chunklist.m3u8</link>
	<thumbnail>https://cdn1.thr.com/sites/default/files/imagecache/landscape_928x523/2012/02/music-choice-mc_logo.jpg</thumbnail>
	<fanart>http://www.slopemedia.org/wp-content/uploads/2017/03/wallhaven-84294.jpg</fanart>
</item>

<item>
	<title>Y2K</title>
	<link>http://edge.music-choice-vc-chaina2.top.comcast.net/VideoChannels/MC145/chunklist.m3u8</link>
	<thumbnail>https://cdn1.thr.com/sites/default/files/imagecache/landscape_928x523/2012/02/music-choice-mc_logo.jpg</thumbnail>
	<fanart>http://www.slopemedia.org/wp-content/uploads/2017/03/wallhaven-84294.jpg</fanart>
</item>

<item>
<name>____________________________________________________________________</name>
<thumbnail></thumbnail>
<link></link> 
<summary></summary>
</item>

<item>
<name>[COLORyellow]KIDS LIST [/COLOR]</name>
<thumbnail></thumbnail>
</item>

<item>
<name>_____________________________________________________________________</name>
<thumbnail></thumbnail>
<link></link> 
<summary></summary>
</item>

<item>
	<title>Kidz Only</title>
	<link>http://edge.music-choice-vc-chaina2.top.comcast.net/VideoChannels/MC130/chunklist.m3u8</link>
	<thumbnail>https://cdn1.thr.com/sites/default/files/imagecache/landscape_928x523/2012/02/music-choice-mc_logo.jpg</thumbnail>
	<fanart>http://www.slopemedia.org/wp-content/uploads/2017/03/wallhaven-84294.jpg</fanart>
</item>

<item>
	<title>Toddler Tunes</title>
	<link>http://edge.music-choice-vc-chaina2.top.comcast.net/VideoChannels/MC144/chunklist.m3u8</link>
	<thumbnail>https://cdn1.thr.com/sites/default/files/imagecache/landscape_928x523/2012/02/music-choice-mc_logo.jpg</thumbnail>
	<fanart>http://www.slopemedia.org/wp-content/uploads/2017/03/wallhaven-84294.jpg</fanart>
</item>