<item>
<title>WSHH Candy - Ayisha Diaz</title>
<link>http://hw-videos.worldstarhiphop.com/v7j7w3p2/cds/2010/05/11/betteralisha.mp4</link>
<thumbnail>http://hw-static.worldstarhiphop.com/pics/b2/86/1d/3486918/0/510201053001am.jpg</thumbnail>
<fanart>http://hw-static.worldstarhiphop.com/pics/b2/86/1d/3486918/0/510201053001am.jpg</fanart>
<summary>Video Vixen / Model from Nebraska who has been featured in popular music videos such as Chris Brown - Transform Ya, Juelz Santana - Back 2 the Crib & more! 

Directed by Latin
Music by: J. Holiday - Go Home With You</summary>
</item>

<item>
<title>WSHH Vixen: Stephanie Santiago</title>
<link>http://hw-videos.worldstarhiphop.com/u/vid/2012/05/29/swkdjuytdgyhewytfewtydskwjduyte5drfg36trdyedwf4tgtref4gfrewd32wsqdq.mp4</link>
<thumbnail>http://hw-static.worldstarhiphop.com/u/pic/2012/05/29/kjuyhgerfwdqdwq.jpg</thumbnail>
<fanart>http://hw-static.worldstarhiphop.com/u/pic/2012/9/24/bidtheaiwshhcans3e376e2e23.jpg</fanart>
<summary>Twitter: @StephsDope 
Music by: Nicki Minaj Feat. 2 Chainz - Beez In The Trap / Ellie Goulding - Lights (Wired Remix) 
Directed by Gabriel Hart
Co Produced by @QWorldstar</summary>
</item>

<item>
<title>WSHH Vixen: Jennifer Martinez</title>
<link>http://hw-mobile.worldstarhiphop.com/u/vid/2013/01/01/jenneterjasmjessicaklderdefwtgydwdwysdewfixed_mobile.mp4</link>
<thumbnail>http://24.media.tumblr.com/05c9d680d15684f53f01f8b03e701308/tumblr_mheys26HbO1s44q42o1_r1_250.gif</thumbnail>
<fanart>http://hw-static.worldstarhiphop.com/u/pic/2013/01/01/icandy-newwpjennifemdue76de.jpg</fanart>
</item>

<item>
<title>WSHH Candy - Kianna Lynae (From California)</title>
<link>http://hw-videos.worldstarhiphop.com/u/vid/2012/02/12/ikianansedtsghwdywduewhgddgwedtgy4gtrfdefd4fewdew.mp4</link>
<thumbnail>http://hw-static.worldstarhiphop.com/u/pic/2010/10/29/11-28-2010_4-34-56_AM.jpg</thumbnail>
<fanart>http://hw-static.worldstarhiphop.com/u/pic/2010/10/29/11-28-2010_4-34-56_AM.jpg</fanart>
<summary>One of the finest! Standing at 5'2. With measurements of 34DD-26-44. All natural. The half Puerto Rican / half African American beauty has been featured In Source Magazine, Smooth Magazine, numerous roles in major music videos & more.
Shot by Black Duck
VisitWorldStarCandy.com to view more WSHH Candy</summary>
</item>

<item>
<title>WSHH Candy - Tehmeena (Pakistani From New York)</title>
<link>http://hw-videos.worldstarhiphop.com/v7j7w3p2/cds/2010/05/19/starstedede.mp4</link>
<thumbnail>http://hw-static.worldstarhiphop.com/pics/images/tp/519201020131am.jpg</thumbnail>
<fanart>http://hw-static.worldstarhiphop.com/pics/images/tp/519201020131am.jpg</fanart>
<summary>Before becoming a video vixen, Tehmeena used to own one of the biggest mixtapes websites "Mixflavas.com". She has been featured in multiple music videos. One of them including The Dream ft. Rick Ross, Juelz Santana, Fabolous and Ludacris "Rockin That Thing Remix"! Here is her debut video for WSHH Candy! 
Music By: Usher Feat. Nicki Minaj - Lil Freak</summary>
</item>

<item>
<title>WSHH Vixen: Michelle Forbes (@TITTIES_n_BEER)</title>
<link>http://hw-videos.worldstarhiphop.com/u/vid/2012/09/24/finalmichlleobamwshhcansy734er54e2.mp4</link>
<thumbnail>http://hw-static.worldstarhiphop.com/u/pic/2012/9/24/boyhdhedweudedduey6trf5fref5fr434.jpg</thumbnail>
<fanart>http://hw-static.worldstarhiphop.com/u/pic/2012/9/24/mpdddddwe-bg-full-6.jpg</fanart>
<summary>Twitter: @TITTIES_n_BEER
Instagram: titties__n__beer
Music: Driicky Graham - Snapbacks And Tattoos / Aaliyah Feat. Drake - Enough Said / The Weeknd - Same Old Song 
Co-Produced: @QWorldStar
Directed: Gabriel Hart</summary>
</item>

<item>
<title>WSHH Vixen: Alisha Jenay (Part II) (*Warning* Must Be 18yrs Or Older To View)</title>
<link>http://hw-mobile.worldstarhiphop.com/u/vid/2012/09/24/Sequencealishajenss6twy31_1_mobile.mp4</link>
<thumbnail>http://hw-static.worldstarhiphop.com/u/pic/2012/12/01/icandaksegsdwp13.jpg</thumbnail>
<fanart>http://hw-static.worldstarhiphop.com/u/pic/2012/12/01/icandaksegsdwp13.jpg</fanart>
<summary>Twitter: @MissAlishaJenay
Instagram: AlishaJenay 
Male Model: @InkUp_Or_ShutUp
Music: The Weeknd - Wicked Games (Off Trilogy Album On iTunes) / Joe Budden (Feat. Lil Wayne & Tank) - She Don't Put It Down Like You
Directed by: @THEBLKDMNDS</summary>
</item>

<item>
<title>WSHH Vixens: Kianna Lynae & Beautifull April</title>
<link>http://hw-videos.worldstarhiphop.com/u/vid/2012/05/29/loiuytdrtwyaoudy7ueduywswjdhytrdfydgewhd34gfref43fdewddwe.mp4</link>
<thumbnail>http://hw-static.worldstarhiphop.com/u/pic/2012/05/29/fteyrhfe6ghfueffedwed.jpg</thumbnail>
<fanart>http://hw-static.worldstarhiphop.com/u/pic/2012/05/29/fteyrhfe6ghfueffedwed.jpg</fanart>
<summary>Twitter: Kianna Lynae @nanalynae 
Beautifull April @beautifullapril
Music by: Drake Ft. Lil Wayne - HYFR / 2 Chainz Feat Drake - No Lie

For Beautifull April bookings contact: missbeautifullapril@gmail.com

Directed by MS
Co Produced by @QWorldstar</summary>
</item>

<item>
<title>WSHH Vixen - Alisha Jenay (Brazilian, German & Black)</title>
<link>http://hw-videos.worldstarhiphop.com/u/vid/2012/02/12/wshhedit2ashlkeynicueyd6etdyegdhd7d3.mp4</link>
<thumbnail>http://hw-static.worldstarhiphop.com/u/pic/2012/02/12/kmjhtgbvffdeded.jpg</thumbnail>
<fanart>http://hw-static.worldstarhiphop.com/u/pic/2012/9/24/alsyetdgytfgjenah556sws.jpg</fanart>
<summary>Lead model in Kirko Bangz "Drank In My Cup" Music Video & Baby Bash "Swanananana". As seen on Lowrider Magazine & more
View her twitter: @MissAlishaJenay
Music by: Rick Ross (Feat. Meek Mill, Wale & T-Pain) - Bag Of Money Remix</summary>
</item>

<item>
<title>WSHH Vixen - Jen Skye</title>
<link>http://hw-videos.worldstarhiphop.com/u/vid/2012/02/12/beautrydhedytedehdhewddvedytewhdyeftdewfdy56dt3ddfrdwfedede.mp4</link>
<thumbnail>http://hw-static.worldstarhiphop.com/u/pic/2012/02/12/juyjhythgtrfrfefrfe.jpg</thumbnail>
<fanart>http://hw-static.worldstarhiphop.com/u/pic/2012/02/12/juyjhythgtrfrfefrfe.jpg</fanart>
<summary>As seen on Smooth Magazine, King & More
Twitter: @itsJenSkye 
Shot & Edited By: Guala
@wshhcandyguala</summary>
</item>

<item>
<title>WSHH Vixen: Lolodoom</title>
<link>http://hw-mobile.worldstarhiphop.com/u/vid/2013/08/14/croppedlolodoomde01_mobile.mp4</link>
<thumbnail>https://24.media.tumblr.com/66642282c11449765534517be2fbf7bd/tumblr_mvryzgikaV1qz8o18o4_r1_250.gif</thumbnail>
<fanart>http://hw-static.worldstarhiphop.com/u/pic/2013/08/14/LolodoomUpdatedBgameuey6dgewhde7ydhjdeewG.jpg</fanart>
<summary>Instagram: Lolodoom
Music By Drake - Motion / Rockstar Mechanix (feat. Lazy J & Big Guy) - Weekend Kiss Land / Rick Ross Feat. Future - No Games
Hair & Makeup By Nicole Armijo
Wardrobe Designer & Styled By Chalia Breonn
Production Designers: @ShesCali & Dave Drod
Snakes Courtesy Of @SnakeGod
Model Management: MultiFacetinc.com
Produced By: @QWORLDSTAR</summary>
</item>

<item>
<title>WSHH Feature: Jacqueline Carrizosa (Former Navy Officer Who Taught Rihanna How To Shoot On The Movie "Battleship")</title>
<link>http://hw-mobile.worldstarhiphop.com/u/vid/2013/01/01/fueydt5twdgewdgehhdgewdfewd5tewd6hw6dew5deduddlde7dd44444_mobile.mp4</link>
<thumbnail>http://hw-static.worldstarhiphop.com/u/pic/2013/01/01/battleshidewdewdgirl.jpg</thumbnail>
<fanart>http://hw-static.worldstarhiphop.com/u/pic/2013/01/01/icandy-newwwsjjjackieyedewdp2.jpg</fanart>
<summary>Former U.S. Navy Gunners Mate & weapons expert who was Rihanna's "Battleship" mentor.
Twitter: brojaq 
Instagram: burningbydreams 
Music: Rihanna - Pour It Up / Ludacris Ft. Kelly Rowland - Representin 
Director: Gabriel Hart
Co Producer: @Qworldstar</summary>
</item>

<item>
<title>WSHH iCANDY: Angelina Ivy</title>
<link>http://hw-videos.worldstarhiphop.com/u/vid/2013/01/01/allrighjdywedwefgdewdfwetdferfderd5efdtegdedfdedewde.mp4</link>
<thumbnail>http://hw-static.worldstarhiphop.com/u/pic/2013/01/01/jhuytrgfredewdewdefrefr.jpg</thumbnail>
<fanart>http://hw-static.worldstarhiphop.com/u/pic/2013/01/01/icanelldyedhdwdy-newwp4.jpg</fanart>
<summary>Instagram: angelinaivy
Created by: THEMASSES
Website: www.themasses.nu 
Twitter: @_themasses 
Instagram: @_themasses 
Music: Glitch Mob / Miguel - All (Kastle Remix)</summary>
</item>

<item>
<title>WSHH Vixen - Sultry Simone</title>
<link>http://hw-videos.worldstarhiphop.com/u/vid/2012/01/04/3713AF99_Produce_142.mp4</link>
<thumbnail>http://hw-static.worldstarhiphop.com/u/pic/2012/01/04/yhg6t5hgbtreferfe.jpg</thumbnail>
<fanart>http://hw-static.worldstarhiphop.com/u/pic/2013/05/01/newshhe33e01finalicandde.jpg</fanart>
<summary>As seen on Smooth Magazine, King Magazine, Straight Stuntin & More
Music by: Planet VI - F--K You Too / T-Pain Ft. Lil Wayne - Bang Bang Pow Pow
Directed by: DigitalSkinz</summary>
</item>

<item>
<title>WSHH Model - Cubana Lust [WSHH 2012 Calender Edition]</title>
<link>http://hw-videos.worldstarhiphop.com/u/vid/2011/10/11/cybanalsy2012calendhwshhjefbr6fg43.mp4</link>
<thumbnail>http://hw-static.worldstarhiphop.com/u/pic/2011/10/11/jnbvgrty6gtfrgrefefew.jpg</thumbnail>
<fanart>http://hw-static.worldstarhiphop.com/u/pic/2011/10/11/jnbvgrty6gtfrgrefefew.jpg</fanart>
<summary>As seen in Show, Smooth, BlackMen, Straight Stuntin & Urban Ink Magazine
Visit her twitter
@Cubanalust

You can purchase Cubana Lust's WSHH 2012 Calender 
By Clicking Here

Music by: Timbaland (Ft. Pitbull) - Pass At Me / Big Sean (Feat. Nicki Minaj) - Dance (Ass)
Directed by: Gabriel Hart</summary>
</item>

<item>
<title>WSHH Vixen: Beautiful The Beast</title>
<link>http://hw-videos.worldstarhiphop.com/u/vid/2011/10/11/AED55A3F_WSHH_MARICA_FINAddL_b.mp4</link>
<thumbnail>http://hw-static.worldstarhiphop.com/u/pic/2011/10/11/lkjuyhrtrefedfew.jpg</thumbnail>
<fanart>http://hw-static.worldstarhiphop.com/u/pic/2011/10/11/lkjuyhrtrefedfew.jpg</fanart>
<summary>As seen on Straight Stuntin Magazine
View her twitter: @BeautiTheBeast
www.BeautifulTheBeast.com
facebook.com/BeautifulTheBeast
Music by: Trey Songz - Wonder Woman / Wale (Feat. Kid Cudi) - Focused
Directed by DigitalSkinz</summary>
</item>

<item>
<title>Brianna Amor<title>
<link>http://hw-videos.worldstarhiphop.com/u/vid/2011/6/06/mdieybndw.mp4</link>
<thumbnail>http://hw-static.worldstarhiphop.com/u/pic/2011/6/06/vrevrverjujyt.jpg</thumbnail>
<fanart>http://hw-static.worldstarhiphop.com/u/pic/2011/6/06/vrevrverjujyt.jpg</fanart>
<summary>Vixen / published model from Boston Massachusetts with measurements of 34D-26-40! Brianna Francisco aka Brianna Amor has been featured in popular magazines & music videos such as T.I.'s "Big Things Poppin" T-Pain- Bartender, Soulja Boy's - Bird Walk & more! You can follow her on twitter
@BriannaAmor
Music by: Dj Khaled Feat. Drake & Lil Wayne - Im On One</summary>
</item>

<item>
<title>Jasmine Jannay</title>
<link>http://hw-videos.worldstarhiphop.com/u/vid/2011/8/05/ricjcire6gtyhjsmiendue7hded.mp4</link>
<thumbnail>http://hw-static.worldstarhiphop.com/u/pic/2011/8/05/frenfuerfyherjunimffrfrefe.jpg</thumbnail>
<fanart>http://hw-static.worldstarhiphop.com/u/pic/2011/8/05/frenfuerfyherjunimffrfrefe.jpg</fanart>
<summary>As seen on King Magazine
Twitter: @Jasminejannay
Music By: Soulja Boy - My City
Directed by: Adam Russell</summary>
</item>