#############################  People ##################################

<dir>
        <title>[COLOR=gold]Nat Turnher [/COLOR]</title>

        <tmdb>person/movies/999495</tmdb>
          
        <animated_thumbnail></animated_thumbnail>
          
        <thumbnail>https://image.tmdb.org/t/p/w640/5m3lyfErskV3BPo5yRcmb01K8dL.jpg</thumbnail>
          
        <animated_fanart></animated_fanart>
          
        <fanart>https://image.tmdb.org/t/p/w640/5m3lyfErskV3BPo5yRcmb01K8dL.jpg</fanart>
		
		<summary></summary>

</dir>

